{
  "IcoMoonType": "selection",
  "icons": [
    {
      "icon": {
        "paths": [
          "M144.53 24.719l424.749 424.749c32.961 33.132 32.961 86.648 0 119.781l-424.749 424.748c-31.77 27.264-78.748 27.264-110.518 0-35.596-30.498-39.755-84.181-9.258-119.782l364.431-364.432-364.435-365.283c-32.961-33.132-32.961-86.648 0-119.781 33.132-32.961 86.652-32.961 119.78 0z"
        ],
        "attrs": [
          {}
        ],
        "width": 597,
        "isMulticolor": false,
        "isMulticolor2": false,
        "grid": 0,
        "tags": [
          "Vector"
        ]
      },
      "attrs": [
        {}
      ],
      "properties": {
        "order": 92,
        "id": 0,
        "name": "Vector",
        "prevSize": 32
      },
      "setIdx": 0,
      "setId": 9,
      "iconIdx": 0
    }
  ],
  "height": 1024,
  "preferences": {
    "showGlyphs": true,
    "showQuickUse": true,
    "showQuickUse2": true,
    "showSVGs": true,
    "fontPref": {
      "prefix": "icon-",
      "metadata": {
        "fontFamily": "icomoon"
      },
      "metrics": {
        "emSize": 1024,
        "baseline": 6.25,
        "whitespace": 50
      },
      "embed": false
    },
    "imagePref": {
      "prefix": "",
      "png": true,
      "useClassSelector": true,
      "color": 0,
      "bgColor": 16777215,
      "classSelector": ".icon",
      "name": "icomoon",
      "height": 32,
      "columns": 16,
      "margin": 16
    },
    "historySize": 50,
    "showCodes": true,
    "gridSize": 16
  }
}