{
  "IcoMoonType": "selection",
  "icons": [
    {
      "icon": {
        "paths": [
          "M144.469 24.747l424.789 424.704c15.285 15.352 24.735 36.524 24.735 59.904s-9.45 44.552-24.738 59.907l0.003-0.003-424.789 424.789c-14.798 12.853-34.255 20.687-55.543 20.687-46.893 0-84.907-38.014-84.907-84.907 0-21.309 7.849-40.784 20.815-55.692l-0.088 0.103 364.373-364.373-364.373-365.483c-15.235-15.343-24.65-36.481-24.65-59.819s9.415-44.476 24.655-59.824l-0.005 0.005c15.347-15.26 36.503-24.692 59.861-24.692s44.514 9.432 59.865 24.696l-0.004-0.004z"
        ],
        "attrs": [
          {
            "fill": "rgb(218, 144, 0)"
          }
        ],
        "width": 597,
        "isMulticolor": false,
        "isMulticolor2": false,
        "grid": 0,
        "tags": [
          "see-all"
        ]
      },
      "attrs": [
        {
          "fill": "rgb(218, 144, 0)"
        }
      ],
      "properties": {
        "order": 93,
        "id": 1,
        "name": "see-all",
        "prevSize": 32
      },
      "setIdx": 0,
      "setId": 9,
      "iconIdx": 0
    },
    {
      "icon": {
        "paths": [
          "M144.53 24.719l424.749 424.749c32.961 33.132 32.961 86.648 0 119.781l-424.749 424.748c-31.77 27.264-78.748 27.264-110.518 0-35.596-30.498-39.755-84.181-9.258-119.782l364.431-364.432-364.435-365.283c-32.961-33.132-32.961-86.648 0-119.781 33.132-32.961 86.652-32.961 119.78 0z"
        ],
        "attrs": [
          {}
        ],
        "width": 597,
        "isMulticolor": false,
        "isMulticolor2": false,
        "grid": 0,
        "tags": [
          "Vector"
        ]
      },
      "attrs": [
        {}
      ],
      "properties": {
        "order": 92,
        "id": 0,
        "name": "Vector",
        "prevSize": 32
      },
      "setIdx": 0,
      "setId": 9,
      "iconIdx": 1
    }
  ],
  "height": 1024,
  "preferences": {
    "showGlyphs": true,
    "showQuickUse": true,
    "showQuickUse2": true,
    "showSVGs": true,
    "fontPref": {
      "prefix": "icon-",
      "metadata": {
        "fontFamily": "icomoon"
      },
      "metrics": {
        "emSize": 1024,
        "baseline": 6.25,
        "whitespace": 50
      },
      "embed": false
    },
    "imagePref": {
      "prefix": "",
      "png": true,
      "useClassSelector": true,
      "color": 0,
      "bgColor": 16777215,
      "classSelector": ".icon",
      "name": "icomoon",
      "height": 32,
      "columns": 16,
      "margin": 16
    },
    "historySize": 50,
    "showCodes": true,
    "gridSize": 16
  }
}