{
  "IcoMoonType": "selection",
  "icons": [
    {
      "icon": {
        "paths": [
          "M513.28 24.747l-424.704 424.704c-15.285 15.352-24.735 36.524-24.735 59.904s9.45 44.552 24.738 59.907l-0.003-0.003 424.704 424.704c14.805 12.877 34.28 20.727 55.589 20.727 46.893 0 84.907-38.014 84.907-84.907 0-21.287-7.834-40.745-20.776-55.647l0.089 0.104-364.373-364.459 364.373-365.227c15.285-15.352 24.735-36.524 24.735-59.904s-9.45-44.552-24.738-59.907l0.003 0.003c-15.352-15.285-36.524-24.735-59.904-24.735s-44.552 9.45-59.907 24.738l0.003-0.003z"
        ],
        "attrs": [
          {}
        ],
        "width": 683,
        "isMulticolor": false,
        "isMulticolor2": false,
        "grid": 0,
        "tags": [
          "arrow-prev"
        ]
      },
      "attrs": [
        {}
      ],
      "properties": {
        "order": 96,
        "id": 1,
        "name": "arrow-prev",
        "prevSize": 32
      },
      "setIdx": 0,
      "setId": 9,
      "iconIdx": 0
    },
    {
      "icon": {
        "paths": [
          "M144.555 24.747l424.619 424.704c15.285 15.352 24.735 36.524 24.735 59.904s-9.45 44.552-24.738 59.907l0.003-0.003-424.704 424.704c-14.755 12.705-34.103 20.442-55.258 20.442-46.893 0-84.907-38.014-84.907-84.907 0-21.155 7.737-40.503 20.535-55.369l-0.094 0.111 364.373-364.459-364.373-365.227c-15.285-15.352-24.735-36.524-24.735-59.904s9.45-44.552 24.738-59.907l-0.003 0.003c15.352-15.285 36.524-24.735 59.904-24.735s44.552 9.45 59.907 24.738l-0.003-0.003z"
        ],
        "attrs": [
          {}
        ],
        "width": 597,
        "isMulticolor": false,
        "isMulticolor2": false,
        "grid": 0,
        "tags": [
          "arrow-next"
        ]
      },
      "attrs": [
        {}
      ],
      "properties": {
        "order": 97,
        "id": 0,
        "name": "arrow-next",
        "prevSize": 32
      },
      "setIdx": 0,
      "setId": 9,
      "iconIdx": 1
    }
  ],
  "height": 1024,
  "preferences": {
    "showGlyphs": true,
    "showQuickUse": true,
    "showQuickUse2": true,
    "showSVGs": true,
    "fontPref": {
      "prefix": "icon-",
      "metadata": {
        "fontFamily": "icomoon"
      },
      "metrics": {
        "emSize": 1024,
        "baseline": 6.25,
        "whitespace": 50
      },
      "embed": false
    },
    "imagePref": {
      "prefix": "",
      "png": true,
      "useClassSelector": true,
      "color": 0,
      "bgColor": 16777215,
      "classSelector": ".icon",
      "name": "icomoon",
      "height": 32,
      "columns": 16,
      "margin": 16
    },
    "historySize": 50,
    "showCodes": true,
    "gridSize": 16
  }
}